Metadata.Title,Materials.Material[0].Model.StructureFile,Materials.Material[0].Property.ElectricalProperty.DensityOfStates.DOSFile
N_doped_01,N_doped_01.xsf,DOS_N_doped_01
N_doped_02_11_1,N_doped_02_11_1.xsf,DOS_N_doped_02_11_1
N_doped_02_12_1,N_doped_02_12_1.xsf,DOS_N_doped_02_12_1
N_doped_02_12_2,N_doped_02_12_2.xsf,DOS_N_doped_02_12_2
N_doped_02_13_1,N_doped_02_13_1.xsf,DOS_N_doped_02_13_1
N_doped_02_13_2,N_doped_02_13_2.xsf,DOS_N_doped_02_13_2
N_doped_02_14_1,N_doped_02_14_1.xsf,DOS_N_doped_02_14_1
N_doped_02_22_1,N_doped_02_22_1.xsf,DOS_N_doped_02_22_1
N_doped_02_22_2,N_doped_02_22_2.xsf,DOS_N_doped_02_22_2
N_doped_02_33_1,N_doped_02_33_1.xsf,DOS_N_doped_02_33_1
N_doped_02_33_2,N_doped_02_33_2.xsf,DOS_N_doped_02_33_2
N_doped_02_a,N_doped_02_a.xsf,DOS_N_doped_02_a
N_doped_02_b,N_doped_02_b.xsf,DOS_N_doped_02_b
N_doped_02_c,N_doped_02_c.xsf,DOS_N_doped_02_c
N_doped_03_a,N_doped_03_a.xsf,DOS_N_doped_03_a
N_doped_03_b,N_doped_03_b.xsf,DOS_N_doped_03_b
N_doped_03_c,N_doped_03_c.xsf,DOS_N_doped_03_c
N_doped_04_a,N_doped_04_a.xsf,DOS_N_doped_04_a
N_doped_04_b,N_doped_04_b.xsf,DOS_N_doped_04_b
N_doped_04_c,N_doped_04_c.xsf,DOS_N_doped_04_c
N_doped_05_a,N_doped_05_a.xsf,DOS_N_doped_05_a
N_doped_05_b,N_doped_05_b.xsf,DOS_N_doped_05_b
N_doped_05_c,N_doped_05_c.xsf,DOS_N_doped_05_c
N_doped_06_a,N_doped_06_a.xsf,DOS_N_doped_06_a
N_doped_06_b,N_doped_06_b.xsf,DOS_N_doped_06_b
N_doped_06_c,N_doped_06_c.xsf,DOS_N_doped_06_c
N_doped_07_101111101,N_doped_07_101111101.xsf,DOS_N_doped_07_101111101
N_doped_07_101121101,N_doped_07_101121101.xsf,DOS_N_doped_07_101121101
N_doped_07_101131101,N_doped_07_101131101.xsf,DOS_N_doped_07_101131101
N_doped_07_101141101,N_doped_07_101141101.xsf,DOS_N_doped_07_101141101
N_doped_07_101151101,N_doped_07_101151101.xsf,DOS_N_doped_07_101151101
N_doped_07_101161101,N_doped_07_101161101.xsf,DOS_N_doped_07_101161101
N_doped_07_101162101,N_doped_07_101162101.xsf,DOS_N_doped_07_101162101
N_doped_07_101163101,N_doped_07_101163101.xsf,DOS_N_doped_07_101163101
N_doped_07_101167101,N_doped_07_101167101.xsf,DOS_N_doped_07_101167101
N_doped_07_101171101,N_doped_07_101171101.xsf,DOS_N_doped_07_101171101
N_doped_07_101181101,N_doped_07_101181101.xsf,DOS_N_doped_07_101181101
N_doped_07_a,N_doped_07_a.xsf,DOS_N_doped_07_a
N_doped_07_b,N_doped_07_b.xsf,DOS_N_doped_07_b
N_doped_07_c,N_doped_07_c.xsf,DOS_N_doped_07_c
N_doped_07_d,N_doped_07_d.xsf,DOS_N_doped_07_d
N_doped_07_e,N_doped_07_e.xsf,DOS_N_doped_07_e
N_doped_07_f,N_doped_07_f.xsf,DOS_N_doped_07_f
N_doped_07_g,N_doped_07_g.xsf,DOS_N_doped_07_g
N_doped_07_h,N_doped_07_h.xsf,DOS_N_doped_07_h
N_doped_07_i,N_doped_07_i.xsf,DOS_N_doped_07_i
N_doped_07_j,N_doped_07_j.xsf,DOS_N_doped_07_j
N_doped_07_k,N_doped_07_k.xsf,DOS_N_doped_07_k
N_doped_07_l,N_doped_07_l.xsf,DOS_N_doped_07_l
N_doped_07_m,N_doped_07_m.xsf,DOS_N_doped_07_m
N_doped_08_a,N_doped_08_a.xsf,DOS_N_doped_08_a
N_doped_08_b,N_doped_08_b.xsf,DOS_N_doped_08_b
N_doped_08_c,N_doped_08_c.xsf,DOS_N_doped_08_c
N_doped_08_d,N_doped_08_d.xsf,DOS_N_doped_08_d
N_doped_08_e,N_doped_08_e.xsf,DOS_N_doped_08_e
N_doped_08_f,N_doped_08_f.xsf,DOS_N_doped_08_f
N_doped_08_g,N_doped_08_g.xsf,DOS_N_doped_08_g
N_doped_08_h,N_doped_08_h.xsf,DOS_N_doped_08_h
N_doped_08_i,N_doped_08_i.xsf,DOS_N_doped_08_i
N_doped_08_j,N_doped_08_j.xsf,DOS_N_doped_08_j
N_doped_08_k,N_doped_08_k.xsf,DOS_N_doped_08_k
N_doped_09_111111111,N_doped_09_111111111.xsf,DOS_N_doped_09_111111111
N_doped_09_111111112,N_doped_09_111111112.xsf,DOS_N_doped_09_111111112
N_doped_09_111111113,N_doped_09_111111113.xsf,DOS_N_doped_09_111111113
N_doped_09_111111114,N_doped_09_111111114.xsf,DOS_N_doped_09_111111114
N_doped_09_111111115,N_doped_09_111111115.xsf,DOS_N_doped_09_111111115
N_doped_09_111111116,N_doped_09_111111116.xsf,DOS_N_doped_09_111111116
N_doped_09_111111117,N_doped_09_111111117.xsf,DOS_N_doped_09_111111117
N_doped_09_111111118,N_doped_09_111111118.xsf,DOS_N_doped_09_111111118
N_doped_09_211111112,N_doped_09_211111112.xsf,DOS_N_doped_09_211111112
N_doped_09_211111113,N_doped_09_211111113.xsf,DOS_N_doped_09_211111113
N_doped_09_211111114,N_doped_09_211111114.xsf,DOS_N_doped_09_211111114
N_doped_09_211111115,N_doped_09_211111115.xsf,DOS_N_doped_09_211111115
N_doped_09_211111116,N_doped_09_211111116.xsf,DOS_N_doped_09_211111116
N_doped_09_211111117,N_doped_09_211111117.xsf,DOS_N_doped_09_211111117
N_doped_09_211111118,N_doped_09_211111118.xsf,DOS_N_doped_09_211111118
N_doped_09_221111111,N_doped_09_221111111.xsf,DOS_N_doped_09_221111111
N_doped_09_231111111,N_doped_09_231111111.xsf,DOS_N_doped_09_231111111
N_doped_09_241111111,N_doped_09_241111111.xsf,DOS_N_doped_09_241111111
N_doped_09_251111111,N_doped_09_251111111.xsf,DOS_N_doped_09_251111111
N_doped_09_261111111,N_doped_09_261111111.xsf,DOS_N_doped_09_261111111
N_doped_09_271111111,N_doped_09_271111111.xsf,DOS_N_doped_09_271111111
N_doped_09_281111111,N_doped_09_281111111.xsf,DOS_N_doped_09_281111111
N_doped_09_311111114,N_doped_09_311111114.xsf,DOS_N_doped_09_311111114
N_doped_09_311111115,N_doped_09_311111115.xsf,DOS_N_doped_09_311111115
N_doped_09_311111116,N_doped_09_311111116.xsf,DOS_N_doped_09_311111116
N_doped_09_311111117,N_doped_09_311111117.xsf,DOS_N_doped_09_311111117
N_doped_09_311111118,N_doped_09_311111118.xsf,DOS_N_doped_09_311111118
N_doped_09_341111111,N_doped_09_341111111.xsf,DOS_N_doped_09_341111111
N_doped_09_351111111,N_doped_09_351111111.xsf,DOS_N_doped_09_351111111
N_doped_09_361111111,N_doped_09_361111111.xsf,DOS_N_doped_09_361111111
N_doped_09_371111111,N_doped_09_371111111.xsf,DOS_N_doped_09_371111111
N_doped_09_381111111,N_doped_09_381111111.xsf,DOS_N_doped_09_381111111
N_doped_10_a,N_doped_10_a.xsf,DOS_N_doped_10_a
N_doped_10_b,N_doped_10_b.xsf,DOS_N_doped_10_b
N_doped_10_c,N_doped_10_c.xsf,DOS_N_doped_10_c
N_doped_10_d,N_doped_10_d.xsf,DOS_N_doped_10_d
N_doped_10_e,N_doped_10_e.xsf,DOS_N_doped_10_e
N_doped_10_f,N_doped_10_f.xsf,DOS_N_doped_10_f
N_doped_10_g,N_doped_10_g.xsf,DOS_N_doped_10_g
N_doped_10_h,N_doped_10_h.xsf,DOS_N_doped_10_h
N_doped_10_i,N_doped_10_i.xsf,DOS_N_doped_10_i
N_doped_10_j,N_doped_10_j.xsf,DOS_N_doped_10_j
N_doped_11_a,N_doped_11_a.xsf,DOS_N_doped_11_a
N_doped_11_b,N_doped_11_b.xsf,DOS_N_doped_11_b
N_doped_11_c,N_doped_11_c.xsf,DOS_N_doped_11_c
N_doped_11_d,N_doped_11_d.xsf,DOS_N_doped_11_d
N_doped_11_e,N_doped_11_e.xsf,DOS_N_doped_11_e
N_doped_11_f,N_doped_11_f.xsf,DOS_N_doped_11_f
N_doped_11_g,N_doped_11_g.xsf,DOS_N_doped_11_g
N_doped_11_h,N_doped_11_h.xsf,DOS_N_doped_11_h
N_doped_11_i,N_doped_11_i.xsf,DOS_N_doped_11_i
N_doped_11_j,N_doped_11_j.xsf,DOS_N_doped_11_j
N_doped_12_a,N_doped_12_a.xsf,DOS_N_doped_12_a
N_doped_12_b,N_doped_12_b.xsf,DOS_N_doped_12_b
N_doped_12_c,N_doped_12_c.xsf,DOS_N_doped_12_c
N_doped_12_d,N_doped_12_d.xsf,DOS_N_doped_12_d
N_doped_12_e,N_doped_12_e.xsf,DOS_N_doped_12_e
N_doped_12_f,N_doped_12_f.xsf,DOS_N_doped_12_f
N_doped_12_g,N_doped_12_g.xsf,DOS_N_doped_12_g
N_doped_12_h,N_doped_12_h.xsf,DOS_N_doped_12_h
N_doped_12_i,N_doped_12_i.xsf,DOS_N_doped_12_i
N_doped_13_a,N_doped_13_a.xsf,DOS_N_doped_13_a
N_doped_13_b,N_doped_13_b.xsf,DOS_N_doped_13_b
N_doped_13_c,N_doped_13_c.xsf,DOS_N_doped_13_c
N_doped_13_d,N_doped_13_d.xsf,DOS_N_doped_13_d
N_doped_14_a,N_doped_14_a.xsf,DOS_N_doped_14_a
N_doped_14_b,N_doped_14_b.xsf,DOS_N_doped_14_b
N_doped_14_c,N_doped_14_c.xsf,DOS_N_doped_14_c
N_doped_14_d,N_doped_14_d.xsf,DOS_N_doped_14_d
N_doped_15_a,N_doped_15_a.xsf,DOS_N_doped_15_a
N_doped_15_b,N_doped_15_b.xsf,DOS_N_doped_15_b
N_doped_15_c,N_doped_15_c.xsf,DOS_N_doped_15_c
N_doped_15_d,N_doped_15_d.xsf,DOS_N_doped_15_d
N_doped_15_e,N_doped_15_e.xsf,DOS_N_doped_15_e
N_doped_15_f,N_doped_15_f.xsf,DOS_N_doped_15_f
N_doped_15_g,N_doped_15_g.xsf,DOS_N_doped_15_g
N_doped_15_h,N_doped_15_h.xsf,DOS_N_doped_15_h
N_doped_15_i,N_doped_15_i.xsf,DOS_N_doped_15_i
N_doped_15_j,N_doped_15_j.xsf,DOS_N_doped_15_j
N_doped_15_k,N_doped_15_k.xsf,DOS_N_doped_15_k
N_doped_15_l,N_doped_15_l.xsf,DOS_N_doped_15_l
N_doped_15_m,N_doped_15_m.xsf,DOS_N_doped_15_m
N_doped_15_n,N_doped_15_n.xsf,DOS_N_doped_15_n
N_doped_15_o,N_doped_15_o.xsf,DOS_N_doped_15_o
N_doped_15_p,N_doped_15_p.xsf,DOS_N_doped_15_p
N_doped_15_q,N_doped_15_q.xsf,DOS_N_doped_15_q
N_doped_15_r,N_doped_15_r.xsf,DOS_N_doped_15_r
N_doped_15_s,N_doped_15_s.xsf,DOS_N_doped_15_s
N_doped_15_t,N_doped_15_t.xsf,DOS_N_doped_15_t
N_doped_15_u,N_doped_15_u.xsf,DOS_N_doped_15_u
N_doped_15_v,N_doped_15_v.xsf,DOS_N_doped_15_v
N_doped_15_w,N_doped_15_w.xsf,DOS_N_doped_15_w
N_doped_15_x,N_doped_15_x.xsf,DOS_N_doped_15_x
N_doped_15_y,N_doped_15_y.xsf,DOS_N_doped_15_y
N_doped_15_z,N_doped_15_z.xsf,DOS_N_doped_15_z
N_doped_16_a,N_doped_16_a.xsf,DOS_N_doped_16_a
N_doped_16_b,N_doped_16_b.xsf,DOS_N_doped_16_b
N_doped_16_c,N_doped_16_c.xsf,DOS_N_doped_16_c
N_doped_16_d,N_doped_16_d.xsf,DOS_N_doped_16_d
N_doped_16_e,N_doped_16_e.xsf,DOS_N_doped_16_e
N_doped_16_f,N_doped_16_f.xsf,DOS_N_doped_16_f
N_doped_16_g,N_doped_16_g.xsf,DOS_N_doped_16_g
N_doped_16_h,N_doped_16_h.xsf,DOS_N_doped_16_h
N_doped_16_i,N_doped_16_i.xsf,DOS_N_doped_16_i
N_doped_16_j,N_doped_16_j.xsf,DOS_N_doped_16_j
N_doped_16_k,N_doped_16_k.xsf,DOS_N_doped_16_k
N_doped_16_l,N_doped_16_l.xsf,DOS_N_doped_16_l
N_doped_16_m,N_doped_16_m.xsf,DOS_N_doped_16_m
N_doped_16_n,N_doped_16_n.xsf,DOS_N_doped_16_n
N_doped_16_o,N_doped_16_o.xsf,DOS_N_doped_16_o
N_doped_16_p,N_doped_16_p.xsf,DOS_N_doped_16_p
N_doped_16_q,N_doped_16_q.xsf,DOS_N_doped_16_q
N_doped_16_r,N_doped_16_r.xsf,DOS_N_doped_16_r
N_doped_16_s,N_doped_16_s.xsf,DOS_N_doped_16_s
N_doped_16_t,N_doped_16_t.xsf,DOS_N_doped_16_t
N_doped_16_u,N_doped_16_u.xsf,DOS_N_doped_16_u
N_doped_16_v,N_doped_16_v.xsf,DOS_N_doped_16_v
N_doped_16_w,N_doped_16_w.xsf,DOS_N_doped_16_w
N_doped_16_x,N_doped_16_x.xsf,DOS_N_doped_16_x
N_doped_16_y,N_doped_16_y.xsf,DOS_N_doped_16_y
N_doped_16_z,N_doped_16_z.xsf,DOS_N_doped_16_z
N_doped_17_a,N_doped_17_a.xsf,DOS_N_doped_17_a
N_doped_17_b,N_doped_17_b.xsf,DOS_N_doped_17_b
N_doped_17_c,N_doped_17_c.xsf,DOS_N_doped_17_c
N_doped_17_d,N_doped_17_d.xsf,DOS_N_doped_17_d
N_doped_17_e,N_doped_17_e.xsf,DOS_N_doped_17_e
N_doped_17_f,N_doped_17_f.xsf,DOS_N_doped_17_f
N_doped_17_g,N_doped_17_g.xsf,DOS_N_doped_17_g
N_doped_17_h,N_doped_17_h.xsf,DOS_N_doped_17_h
N_doped_17_i,N_doped_17_i.xsf,DOS_N_doped_17_i
N_doped_17_j,N_doped_17_j.xsf,DOS_N_doped_17_j
N_doped_17_k,N_doped_17_k.xsf,DOS_N_doped_17_k
N_doped_17_l,N_doped_17_l.xsf,DOS_N_doped_17_l
N_doped_17_m,N_doped_17_m.xsf,DOS_N_doped_17_m
N_doped_17_n,N_doped_17_n.xsf,DOS_N_doped_17_n
N_doped_17_o,N_doped_17_o.xsf,DOS_N_doped_17_o
N_doped_17_p,N_doped_17_p.xsf,DOS_N_doped_17_p
N_doped_17_q,N_doped_17_q.xsf,DOS_N_doped_17_q
N_doped_17_r,N_doped_17_r.xsf,DOS_N_doped_17_r
N_doped_17_s,N_doped_17_s.xsf,DOS_N_doped_17_s
N_doped_17_t,N_doped_17_t.xsf,DOS_N_doped_17_t
N_doped_17_u,N_doped_17_u.xsf,DOS_N_doped_17_u
N_doped_17_v,N_doped_17_v.xsf,DOS_N_doped_17_v
N_doped_17_w,N_doped_17_w.xsf,DOS_N_doped_17_w
N_doped_17_x,N_doped_17_x.xsf,DOS_N_doped_17_x
N_doped_17_y,N_doped_17_y.xsf,DOS_N_doped_17_y
N_doped_17_z,N_doped_17_z.xsf,DOS_N_doped_17_z
N_doped_18_121212121212121212,N_doped_18_121212121212121212.xsf,DOS_N_doped_18_121212121212121212
N_doped_18_131313131313131313,N_doped_18_131313131313131313.xsf,DOS_N_doped_18_131313131313131313
N_doped_18_141414141414141414,N_doped_18_141414141414141414.xsf,DOS_N_doped_18_141414141414141414
N_doped_18_151515151515151515,N_doped_18_151515151515151515.xsf,DOS_N_doped_18_151515151515151515
N_doped_18_181818181818181818,N_doped_18_181818181818181818.xsf,DOS_N_doped_18_181818181818181818
N_doped_18_252525252525252525,N_doped_18_252525252525252525.xsf,DOS_N_doped_18_252525252525252525
N_doped_18_282828282828282828,N_doped_18_282828282828282828.xsf,DOS_N_doped_18_282828282828282828
N_doped_18_3Benzene,N_doped_18_3Benzene.xsf,DOS_N_doped_18_3Benzene
N_doped_18_Bee,N_doped_18_Bee.xsf,DOS_N_doped_18_Bee
N_doped_18_grape,N_doped_18_grape.xsf,DOS_N_doped_18_grape
N_doped_19_a,N_doped_19_a.xsf,DOS_N_doped_19_a
N_doped_19_b,N_doped_19_b.xsf,DOS_N_doped_19_b
N_doped_19_c,N_doped_19_c.xsf,DOS_N_doped_19_c
N_doped_19_d,N_doped_19_d.xsf,DOS_N_doped_19_d
N_doped_19_e,N_doped_19_e.xsf,DOS_N_doped_19_e
N_doped_19_f,N_doped_19_f.xsf,DOS_N_doped_19_f
N_doped_19_g,N_doped_19_g.xsf,DOS_N_doped_19_g
N_doped_19_h,N_doped_19_h.xsf,DOS_N_doped_19_h
N_doped_19_i,N_doped_19_i.xsf,DOS_N_doped_19_i
N_doped_19_j,N_doped_19_j.xsf,DOS_N_doped_19_j
N_doped_19_k,N_doped_19_k.xsf,DOS_N_doped_19_k
N_doped_19_l,N_doped_19_l.xsf,DOS_N_doped_19_l
N_doped_19_m,N_doped_19_m.xsf,DOS_N_doped_19_m
N_doped_19_n,N_doped_19_n.xsf,DOS_N_doped_19_n
N_doped_19_o,N_doped_19_o.xsf,DOS_N_doped_19_o
N_doped_19_p,N_doped_19_p.xsf,DOS_N_doped_19_p
N_doped_19_q,N_doped_19_q.xsf,DOS_N_doped_19_q
N_doped_19_r,N_doped_19_r.xsf,DOS_N_doped_19_r
N_doped_19_s,N_doped_19_s.xsf,DOS_N_doped_19_s
N_doped_19_t,N_doped_19_t.xsf,DOS_N_doped_19_t
N_doped_19_u,N_doped_19_u.xsf,DOS_N_doped_19_u
N_doped_19_v,N_doped_19_v.xsf,DOS_N_doped_19_v
N_doped_19_w,N_doped_19_w.xsf,DOS_N_doped_19_w
N_doped_19_x,N_doped_19_x.xsf,DOS_N_doped_19_x
N_doped_19_y,N_doped_19_y.xsf,DOS_N_doped_19_y
N_doped_19_z,N_doped_19_z.xsf,DOS_N_doped_19_z
N_doped_20_a,N_doped_20_a.xsf,DOS_N_doped_20_a
N_doped_20_b,N_doped_20_b.xsf,DOS_N_doped_20_b
N_doped_20_c,N_doped_20_c.xsf,DOS_N_doped_20_c
N_doped_20_d,N_doped_20_d.xsf,DOS_N_doped_20_d
N_doped_20_e,N_doped_20_e.xsf,DOS_N_doped_20_e
N_doped_20_f,N_doped_20_f.xsf,DOS_N_doped_20_f
N_doped_20_g,N_doped_20_g.xsf,DOS_N_doped_20_g
N_doped_20_h,N_doped_20_h.xsf,DOS_N_doped_20_h
N_doped_20_i,N_doped_20_i.xsf,DOS_N_doped_20_i
N_doped_20_j,N_doped_20_j.xsf,DOS_N_doped_20_j
N_doped_20_k,N_doped_20_k.xsf,DOS_N_doped_20_k
N_doped_20_l,N_doped_20_l.xsf,DOS_N_doped_20_l
N_doped_20_m,N_doped_20_m.xsf,DOS_N_doped_20_m
N_doped_20_n,N_doped_20_n.xsf,DOS_N_doped_20_n
N_doped_20_o,N_doped_20_o.xsf,DOS_N_doped_20_o
N_doped_20_p,N_doped_20_p.xsf,DOS_N_doped_20_p
N_doped_20_q,N_doped_20_q.xsf,DOS_N_doped_20_q
N_doped_20_r,N_doped_20_r.xsf,DOS_N_doped_20_r
N_doped_20_s,N_doped_20_s.xsf,DOS_N_doped_20_s
N_doped_20_t,N_doped_20_t.xsf,DOS_N_doped_20_t
N_doped_20_u,N_doped_20_u.xsf,DOS_N_doped_20_u
N_doped_20_v,N_doped_20_v.xsf,DOS_N_doped_20_v
N_doped_20_w,N_doped_20_w.xsf,DOS_N_doped_20_w
N_doped_20_x,N_doped_20_x.xsf,DOS_N_doped_20_x
N_doped_20_y,N_doped_20_y.xsf,DOS_N_doped_20_y
N_doped_20_z,N_doped_20_z.xsf,DOS_N_doped_20_z
N_doped_21_a,N_doped_21_a.xsf,DOS_N_doped_21_a
N_doped_21_b,N_doped_21_b.xsf,DOS_N_doped_21_b
N_doped_21_c,N_doped_21_c.xsf,DOS_N_doped_21_c
N_doped_21_d,N_doped_21_d.xsf,DOS_N_doped_21_d
N_doped_21_e,N_doped_21_e.xsf,DOS_N_doped_21_e
N_doped_21_f,N_doped_21_f.xsf,DOS_N_doped_21_f
N_doped_21_g,N_doped_21_g.xsf,DOS_N_doped_21_g
N_doped_21_h,N_doped_21_h.xsf,DOS_N_doped_21_h
N_doped_21_i,N_doped_21_i.xsf,DOS_N_doped_21_i
N_doped_21_j,N_doped_21_j.xsf,DOS_N_doped_21_j
N_doped_21_k,N_doped_21_k.xsf,DOS_N_doped_21_k
N_doped_21_l,N_doped_21_l.xsf,DOS_N_doped_21_l
N_doped_21_m,N_doped_21_m.xsf,DOS_N_doped_21_m
N_doped_21_n,N_doped_21_n.xsf,DOS_N_doped_21_n
N_doped_21_o,N_doped_21_o.xsf,DOS_N_doped_21_o
N_doped_21_p,N_doped_21_p.xsf,DOS_N_doped_21_p
N_doped_21_q,N_doped_21_q.xsf,DOS_N_doped_21_q
N_doped_21_r,N_doped_21_r.xsf,DOS_N_doped_21_r
N_doped_21_s,N_doped_21_s.xsf,DOS_N_doped_21_s
N_doped_21_t,N_doped_21_t.xsf,DOS_N_doped_21_t
N_doped_21_u,N_doped_21_u.xsf,DOS_N_doped_21_u
N_doped_21_v,N_doped_21_v.xsf,DOS_N_doped_21_v
N_doped_21_w,N_doped_21_w.xsf,DOS_N_doped_21_w
N_doped_21_x,N_doped_21_x.xsf,DOS_N_doped_21_x
N_doped_21_y,N_doped_21_y.xsf,DOS_N_doped_21_y
N_doped_21_z,N_doped_21_z.xsf,DOS_N_doped_21_z
N_doped_22_a,N_doped_22_a.xsf,DOS_N_doped_22_a
N_doped_22_b,N_doped_22_b.xsf,DOS_N_doped_22_b
N_doped_22_c,N_doped_22_c.xsf,DOS_N_doped_22_c
N_doped_22_d,N_doped_22_d.xsf,DOS_N_doped_22_d
N_doped_22_e,N_doped_22_e.xsf,DOS_N_doped_22_e
N_doped_22_f,N_doped_22_f.xsf,DOS_N_doped_22_f
N_doped_22_g,N_doped_22_g.xsf,DOS_N_doped_22_g
N_doped_22_h,N_doped_22_h.xsf,DOS_N_doped_22_h
N_doped_22_i,N_doped_22_i.xsf,DOS_N_doped_22_i
N_doped_22_j,N_doped_22_j.xsf,DOS_N_doped_22_j
N_doped_22_k,N_doped_22_k.xsf,DOS_N_doped_22_k
N_doped_22_l,N_doped_22_l.xsf,DOS_N_doped_22_l
N_doped_22_m,N_doped_22_m.xsf,DOS_N_doped_22_m
N_doped_22_n,N_doped_22_n.xsf,DOS_N_doped_22_n
N_doped_22_o,N_doped_22_o.xsf,DOS_N_doped_22_o
N_doped_22_p,N_doped_22_p.xsf,DOS_N_doped_22_p
N_doped_22_q,N_doped_22_q.xsf,DOS_N_doped_22_q
N_doped_22_r,N_doped_22_r.xsf,DOS_N_doped_22_r
N_doped_22_s,N_doped_22_s.xsf,DOS_N_doped_22_s
N_doped_22_t,N_doped_22_t.xsf,DOS_N_doped_22_t
N_doped_22_u,N_doped_22_u.xsf,DOS_N_doped_22_u
N_doped_22_v,N_doped_22_v.xsf,DOS_N_doped_22_v
N_doped_22_w,N_doped_22_w.xsf,DOS_N_doped_22_w
N_doped_22_x,N_doped_22_x.xsf,DOS_N_doped_22_x
N_doped_22_y,N_doped_22_y.xsf,DOS_N_doped_22_y
N_doped_22_z,N_doped_22_z.xsf,DOS_N_doped_22_z
N_doped_23_a,N_doped_23_a.xsf,DOS_N_doped_23_a
N_doped_23_b,N_doped_23_b.xsf,DOS_N_doped_23_b
N_doped_23_c,N_doped_23_c.xsf,DOS_N_doped_23_c
N_doped_23_d,N_doped_23_d.xsf,DOS_N_doped_23_d
N_doped_23_e,N_doped_23_e.xsf,DOS_N_doped_23_e
N_doped_23_f,N_doped_23_f.xsf,DOS_N_doped_23_f
N_doped_23_g,N_doped_23_g.xsf,DOS_N_doped_23_g
N_doped_23_h,N_doped_23_h.xsf,DOS_N_doped_23_h
N_doped_23_i,N_doped_23_i.xsf,DOS_N_doped_23_i
N_doped_23_j,N_doped_23_j.xsf,DOS_N_doped_23_j
N_doped_23_k,N_doped_23_k.xsf,DOS_N_doped_23_k
N_doped_23_l,N_doped_23_l.xsf,DOS_N_doped_23_l
N_doped_23_m,N_doped_23_m.xsf,DOS_N_doped_23_m
N_doped_23_n,N_doped_23_n.xsf,DOS_N_doped_23_n
N_doped_23_o,N_doped_23_o.xsf,DOS_N_doped_23_o
N_doped_23_p,N_doped_23_p.xsf,DOS_N_doped_23_p
N_doped_23_q,N_doped_23_q.xsf,DOS_N_doped_23_q
N_doped_23_r,N_doped_23_r.xsf,DOS_N_doped_23_r
N_doped_23_s,N_doped_23_s.xsf,DOS_N_doped_23_s
N_doped_23_t,N_doped_23_t.xsf,DOS_N_doped_23_t
N_doped_23_u,N_doped_23_u.xsf,DOS_N_doped_23_u
N_doped_23_v,N_doped_23_v.xsf,DOS_N_doped_23_v
N_doped_23_w,N_doped_23_w.xsf,DOS_N_doped_23_w
N_doped_23_x,N_doped_23_x.xsf,DOS_N_doped_23_x
N_doped_23_y,N_doped_23_y.xsf,DOS_N_doped_23_y
N_doped_23_z,N_doped_23_z.xsf,DOS_N_doped_23_z
N_doped_24_a,N_doped_24_a.xsf,DOS_N_doped_24_a
N_doped_24_b,N_doped_24_b.xsf,DOS_N_doped_24_b
N_doped_24_c,N_doped_24_c.xsf,DOS_N_doped_24_c
N_doped_24_d,N_doped_24_d.xsf,DOS_N_doped_24_d
N_doped_24_e,N_doped_24_e.xsf,DOS_N_doped_24_e
N_doped_24_f,N_doped_24_f.xsf,DOS_N_doped_24_f
N_doped_24_g,N_doped_24_g.xsf,DOS_N_doped_24_g
N_doped_24_h,N_doped_24_h.xsf,DOS_N_doped_24_h
N_doped_24_i,N_doped_24_i.xsf,DOS_N_doped_24_i
N_doped_24_j,N_doped_24_j.xsf,DOS_N_doped_24_j
N_doped_24_k,N_doped_24_k.xsf,DOS_N_doped_24_k
N_doped_24_l,N_doped_24_l.xsf,DOS_N_doped_24_l
N_doped_24_m,N_doped_24_m.xsf,DOS_N_doped_24_m
N_doped_24_n,N_doped_24_n.xsf,DOS_N_doped_24_n
N_doped_24_o,N_doped_24_o.xsf,DOS_N_doped_24_o
N_doped_24_p,N_doped_24_p.xsf,DOS_N_doped_24_p
N_doped_24_q,N_doped_24_q.xsf,DOS_N_doped_24_q
N_doped_24_r,N_doped_24_r.xsf,DOS_N_doped_24_r
N_doped_24_s,N_doped_24_s.xsf,DOS_N_doped_24_s
N_doped_24_t,N_doped_24_t.xsf,DOS_N_doped_24_t
N_doped_24_u,N_doped_24_u.xsf,DOS_N_doped_24_u
N_doped_24_v,N_doped_24_v.xsf,DOS_N_doped_24_v
N_doped_24_w,N_doped_24_w.xsf,DOS_N_doped_24_w
N_doped_24_x,N_doped_24_x.xsf,DOS_N_doped_24_x
N_doped_24_y,N_doped_24_y.xsf,DOS_N_doped_24_y
N_doped_24_z,N_doped_24_z.xsf,DOS_N_doped_24_z
N_doped_25_a,N_doped_25_a.xsf,DOS_N_doped_25_a
N_doped_25_b,N_doped_25_b.xsf,DOS_N_doped_25_b
N_doped_25_c,N_doped_25_c.xsf,DOS_N_doped_25_c
N_doped_25_d,N_doped_25_d.xsf,DOS_N_doped_25_d
N_doped_25_e,N_doped_25_e.xsf,DOS_N_doped_25_e
N_doped_25_f,N_doped_25_f.xsf,DOS_N_doped_25_f
N_doped_25_g,N_doped_25_g.xsf,DOS_N_doped_25_g
N_doped_25_h,N_doped_25_h.xsf,DOS_N_doped_25_h
N_doped_25_i,N_doped_25_i.xsf,DOS_N_doped_25_i
N_doped_25_j,N_doped_25_j.xsf,DOS_N_doped_25_j
N_doped_25_k,N_doped_25_k.xsf,DOS_N_doped_25_k
N_doped_25_l,N_doped_25_l.xsf,DOS_N_doped_25_l
N_doped_25_m,N_doped_25_m.xsf,DOS_N_doped_25_m
N_doped_25_n,N_doped_25_n.xsf,DOS_N_doped_25_n
N_doped_25_o,N_doped_25_o.xsf,DOS_N_doped_25_o
N_doped_25_p,N_doped_25_p.xsf,DOS_N_doped_25_p
N_doped_25_q,N_doped_25_q.xsf,DOS_N_doped_25_q
N_doped_25_r,N_doped_25_r.xsf,DOS_N_doped_25_r
N_doped_25_s,N_doped_25_s.xsf,DOS_N_doped_25_s
N_doped_25_t,N_doped_25_t.xsf,DOS_N_doped_25_t
N_doped_25_u,N_doped_25_u.xsf,DOS_N_doped_25_u
N_doped_25_v,N_doped_25_v.xsf,DOS_N_doped_25_v
N_doped_25_w,N_doped_25_w.xsf,DOS_N_doped_25_w
N_doped_25_x,N_doped_25_x.xsf,DOS_N_doped_25_x
N_doped_25_y,N_doped_25_y.xsf,DOS_N_doped_25_y
N_doped_25_z,N_doped_25_z.xsf,DOS_N_doped_25_z
N_doped_26_A,N_doped_26_A.xsf,DOS_N_doped_26_A
N_doped_26_b,N_doped_26_b.xsf,DOS_N_doped_26_b
N_doped_26_c,N_doped_26_c.xsf,DOS_N_doped_26_c
N_doped_26_d,N_doped_26_d.xsf,DOS_N_doped_26_d
N_doped_26_e,N_doped_26_e.xsf,DOS_N_doped_26_e
N_doped_26_f,N_doped_26_f.xsf,DOS_N_doped_26_f
N_doped_26_g,N_doped_26_g.xsf,DOS_N_doped_26_g
N_doped_26_h,N_doped_26_h.xsf,DOS_N_doped_26_h
N_doped_26_i,N_doped_26_i.xsf,DOS_N_doped_26_i
N_doped_26_j,N_doped_26_j.xsf,DOS_N_doped_26_j
N_doped_26_k,N_doped_26_k.xsf,DOS_N_doped_26_k
N_doped_26_l,N_doped_26_l.xsf,DOS_N_doped_26_l
N_doped_26_m,N_doped_26_m.xsf,DOS_N_doped_26_m
N_doped_26_n,N_doped_26_n.xsf,DOS_N_doped_26_n
N_doped_26_o,N_doped_26_o.xsf,DOS_N_doped_26_o
N_doped_26_p,N_doped_26_p.xsf,DOS_N_doped_26_p
N_doped_26_q,N_doped_26_q.xsf,DOS_N_doped_26_q
N_doped_26_r,N_doped_26_r.xsf,DOS_N_doped_26_r
N_doped_26_s,N_doped_26_s.xsf,DOS_N_doped_26_s
N_doped_26_t,N_doped_26_t.xsf,DOS_N_doped_26_t
N_doped_26_u,N_doped_26_u.xsf,DOS_N_doped_26_u
N_doped_26_v,N_doped_26_v.xsf,DOS_N_doped_26_v
N_doped_26_w,N_doped_26_w.xsf,DOS_N_doped_26_w
N_doped_26_x,N_doped_26_x.xsf,DOS_N_doped_26_x
N_doped_26_y,N_doped_26_y.xsf,DOS_N_doped_26_y
N_doped_26_z,N_doped_26_z.xsf,DOS_N_doped_26_z
N_doped_27_123,N_doped_27_123.xsf,DOS_N_doped_27_123
N_doped_27_124,N_doped_27_124.xsf,DOS_N_doped_27_124
N_doped_27_125,N_doped_27_125.xsf,DOS_N_doped_27_125
N_doped_27_128,N_doped_27_128.xsf,DOS_N_doped_27_128
N_doped_27_134,N_doped_27_134.xsf,DOS_N_doped_27_134
N_doped_27_135,N_doped_27_135.xsf,DOS_N_doped_27_135
N_doped_27_136,N_doped_27_136.xsf,DOS_N_doped_27_136
N_doped_27_137,N_doped_27_137.xsf,DOS_N_doped_27_137
N_doped_27_138,N_doped_27_138.xsf,DOS_N_doped_27_138
N_doped_27_145,N_doped_27_145.xsf,DOS_N_doped_27_145
N_doped_27_146,N_doped_27_146.xsf,DOS_N_doped_27_146
N_doped_27_148,N_doped_27_148.xsf,DOS_N_doped_27_148
N_doped_27_158,N_doped_27_158.xsf,DOS_N_doped_27_158
